dataset,r,c,direction,method,psg
banknote_authentication,0.05,0.05,majority_to_minority,tabpfn_threshold,-0.0010893246187364536
banknote_authentication,0.05,0.05,minority_to_majority,tabpfn_threshold,0.0
banknote_authentication,0.05,0.1,majority_to_minority,tabpfn_threshold,0.0
banknote_authentication,0.05,0.1,minority_to_majority,tabpfn_threshold,0.0
banknote_authentication,0.05,0.2,majority_to_minority,tabpfn_threshold,-0.002178649237472796
banknote_authentication,0.05,0.2,minority_to_majority,tabpfn_threshold,0.0
banknote_authentication,0.05,0.3,majority_to_minority,tabpfn_threshold,-0.005446623093681824
banknote_authentication,0.05,0.3,minority_to_majority,tabpfn_threshold,-0.002732240437158584
banknote_authentication,0.1,0.05,majority_to_minority,tabpfn_threshold,-0.0010893246187364536
banknote_authentication,0.1,0.05,minority_to_majority,tabpfn_threshold,0.0
banknote_authentication,0.1,0.1,majority_to_minority,tabpfn_threshold,-0.0010893246187363426
banknote_authentication,0.1,0.1,minority_to_majority,tabpfn_threshold,0.0
banknote_authentication,0.1,0.2,majority_to_minority,tabpfn_threshold,-0.002178649237472574
banknote_authentication,0.1,0.2,minority_to_majority,tabpfn_threshold,0.0
banknote_authentication,0.1,0.3,majority_to_minority,tabpfn_threshold,-0.0010893246187364536
banknote_authentication,0.1,0.3,minority_to_majority,tabpfn_threshold,0.0
banknote_authentication,0.2,0.05,majority_to_minority,tabpfn_threshold,0.0
banknote_authentication,0.2,0.05,minority_to_majority,tabpfn_threshold,0.0
banknote_authentication,0.2,0.1,majority_to_minority,tabpfn_threshold,0.0
banknote_authentication,0.2,0.1,minority_to_majority,tabpfn_threshold,0.0
banknote_authentication,0.2,0.2,majority_to_minority,tabpfn_threshold,0.0
banknote_authentication,0.2,0.2,minority_to_majority,tabpfn_threshold,0.0
banknote_authentication,0.2,0.3,majority_to_minority,tabpfn_threshold,-0.002178649237472796
banknote_authentication,0.2,0.3,minority_to_majority,tabpfn_threshold,0.0
banknote_authentication,0.5,0.05,majority_to_minority,tabpfn_threshold,0.0
banknote_authentication,0.5,0.05,minority_to_majority,tabpfn_threshold,0.0
banknote_authentication,0.5,0.1,majority_to_minority,tabpfn_threshold,0.0
banknote_authentication,0.5,0.1,minority_to_majority,tabpfn_threshold,0.0
banknote_authentication,0.5,0.2,majority_to_minority,tabpfn_threshold,0.0
banknote_authentication,0.5,0.2,minority_to_majority,tabpfn_threshold,0.0
banknote_authentication,0.5,0.3,majority_to_minority,tabpfn_threshold,-0.04030501089324601
banknote_authentication,0.5,0.3,minority_to_majority,tabpfn_threshold,0.0
blood_transfusion,0.05,0.05,majority_to_minority,tabpfn_threshold,-0.01437621832358671
blood_transfusion,0.05,0.05,minority_to_majority,tabpfn_threshold,-0.016081871345029253
blood_transfusion,0.05,0.1,majority_to_minority,tabpfn_threshold,0.018274853801169555
blood_transfusion,0.05,0.1,minority_to_majority,tabpfn_threshold,0.011452241715399603
blood_transfusion,0.05,0.2,majority_to_minority,tabpfn_threshold,0.005604288499025278
blood_transfusion,0.05,0.2,minority_to_majority,tabpfn_threshold,-0.017056530214424992
blood_transfusion,0.05,0.3,majority_to_minority,tabpfn_threshold,-0.03240740740740733
blood_transfusion,0.05,0.3,minority_to_majority,tabpfn_threshold,-0.04702729044834297
blood_transfusion,0.1,0.05,majority_to_minority,tabpfn_threshold,0.0004873294346978696
blood_transfusion,0.1,0.05,minority_to_majority,tabpfn_threshold,-0.0019493177387913674
blood_transfusion,0.1,0.1,majority_to_minority,tabpfn_threshold,0.01437621832358671
blood_transfusion,0.1,0.1,minority_to_majority,tabpfn_threshold,-0.01023391812865504
blood_transfusion,0.1,0.2,majority_to_minority,tabpfn_threshold,-0.013157894736842146
blood_transfusion,0.1,0.2,minority_to_majority,tabpfn_threshold,-0.030214424951267027
blood_transfusion,0.1,0.3,majority_to_minority,tabpfn_threshold,-0.016325536062378188
blood_transfusion,0.1,0.3,minority_to_majority,tabpfn_threshold,-0.010721247563352798
blood_transfusion,0.2,0.05,majority_to_minority,tabpfn_threshold,0.011208576998050779
blood_transfusion,0.2,0.05,minority_to_majority,tabpfn_threshold,0.012426900584795453
blood_transfusion,0.2,0.1,majority_to_minority,tabpfn_threshold,-0.004385964912280715
blood_transfusion,0.2,0.1,minority_to_majority,tabpfn_threshold,-0.012183235867446296
blood_transfusion,0.2,0.2,majority_to_minority,tabpfn_threshold,-0.006091617933723259
blood_transfusion,0.2,0.2,minority_to_majority,tabpfn_threshold,-0.007553606237816757
blood_transfusion,0.2,0.3,majority_to_minority,tabpfn_threshold,-0.024853801169590573
blood_transfusion,0.2,0.3,minority_to_majority,tabpfn_threshold,-0.013645224171539905
blood_transfusion,0.5,0.05,majority_to_minority,tabpfn_threshold,-0.019493177387914118
blood_transfusion,0.5,0.05,minority_to_majority,tabpfn_threshold,0.009015594541910477
blood_transfusion,0.5,0.1,majority_to_minority,tabpfn_threshold,-0.017787524366471574
blood_transfusion,0.5,0.1,minority_to_majority,tabpfn_threshold,-0.010964912280701733
blood_transfusion,0.5,0.2,majority_to_minority,tabpfn_threshold,-0.024366471734892814
blood_transfusion,0.5,0.2,minority_to_majority,tabpfn_threshold,-0.014619883040935644
blood_transfusion,0.5,0.3,majority_to_minority,tabpfn_threshold,-0.12085769980506833
blood_transfusion,0.5,0.3,minority_to_majority,tabpfn_threshold,-0.056773879142300254
breast_cancer_wisconsin,0.05,0.05,majority_to_minority,tabpfn_threshold,0.0
breast_cancer_wisconsin,0.05,0.05,minority_to_majority,tabpfn_threshold,0.0
breast_cancer_wisconsin,0.05,0.1,majority_to_minority,tabpfn_threshold,-0.0023148148148147696
breast_cancer_wisconsin,0.05,0.1,minority_to_majority,tabpfn_threshold,-0.003968253968253954
breast_cancer_wisconsin,0.05,0.2,majority_to_minority,tabpfn_threshold,0.005621693121693028
breast_cancer_wisconsin,0.05,0.2,minority_to_majority,tabpfn_threshold,-0.003968253968253843
breast_cancer_wisconsin,0.05,0.3,majority_to_minority,tabpfn_threshold,-0.012235449735449766
breast_cancer_wisconsin,0.05,0.3,minority_to_majority,tabpfn_threshold,-0.0009920634920635996
breast_cancer_wisconsin,0.1,0.05,majority_to_minority,tabpfn_threshold,0.0
breast_cancer_wisconsin,0.1,0.05,minority_to_majority,tabpfn_threshold,0.0023148148148147696
breast_cancer_wisconsin,0.1,0.1,majority_to_minority,tabpfn_threshold,-0.0029761904761904656
breast_cancer_wisconsin,0.1,0.1,minority_to_majority,tabpfn_threshold,-0.003968253968253621
breast_cancer_wisconsin,0.1,0.2,majority_to_minority,tabpfn_threshold,0.003306878306878369
breast_cancer_wisconsin,0.1,0.2,minority_to_majority,tabpfn_threshold,-0.0016534391534391846
breast_cancer_wisconsin,0.1,0.3,majority_to_minority,tabpfn_threshold,-0.02083333333333326
breast_cancer_wisconsin,0.1,0.3,minority_to_majority,tabpfn_threshold,-0.02546296296296302
breast_cancer_wisconsin,0.2,0.05,majority_to_minority,tabpfn_threshold,0.0
breast_cancer_wisconsin,0.2,0.05,minority_to_majority,tabpfn_threshold,0.0
breast_cancer_wisconsin,0.2,0.1,majority_to_minority,tabpfn_threshold,-0.00462962962962965
breast_cancer_wisconsin,0.2,0.1,minority_to_majority,tabpfn_threshold,-0.0016534391534391846
breast_cancer_wisconsin,0.2,0.2,majority_to_minority,tabpfn_threshold,-0.007605820105820005
breast_cancer_wisconsin,0.2,0.2,minority_to_majority,tabpfn_threshold,0.0006613756613758071
breast_cancer_wisconsin,0.2,0.3,majority_to_minority,tabpfn_threshold,-0.028439153439153597
breast_cancer_wisconsin,0.2,0.3,minority_to_majority,tabpfn_threshold,0.0036375661375656065
breast_cancer_wisconsin,0.5,0.05,majority_to_minority,tabpfn_threshold,0.0016534391534388515
breast_cancer_wisconsin,0.5,0.05,minority_to_majority,tabpfn_threshold,-0.00396825396825351
breast_cancer_wisconsin,0.5,0.1,majority_to_minority,tabpfn_threshold,-0.011574074074073959
breast_cancer_wisconsin,0.5,0.1,minority_to_majority,tabpfn_threshold,-0.0009920634920631555
breast_cancer_wisconsin,0.5,0.2,majority_to_minority,tabpfn_threshold,-0.010582010582010581
breast_cancer_wisconsin,0.5,0.2,minority_to_majority,tabpfn_threshold,-0.008928571428571619
breast_cancer_wisconsin,0.5,0.3,majority_to_minority,tabpfn_threshold,-0.06613756613756627
breast_cancer_wisconsin,0.5,0.3,minority_to_majority,tabpfn_threshold,-0.03835978835978815
haberman_survival,0.05,0.05,majority_to_minority,tabpfn_threshold,0.0
haberman_survival,0.05,0.05,minority_to_majority,tabpfn_threshold,0.0
haberman_survival,0.05,0.1,majority_to_minority,tabpfn_threshold,0.03351449275362317
haberman_survival,0.05,0.1,minority_to_majority,tabpfn_threshold,0.0013586956521738358
haberman_survival,0.05,0.2,majority_to_minority,tabpfn_threshold,-0.019474637681159424
haberman_survival,0.05,0.2,minority_to_majority,tabpfn_threshold,-0.0018115942028984477
haberman_survival,0.05,0.3,majority_to_minority,tabpfn_threshold,0.015851449275362306
haberman_survival,0.05,0.3,minority_to_majority,tabpfn_threshold,-0.11367753623188404
haberman_survival,0.1,0.05,majority_to_minority,tabpfn_threshold,0.034420289855072395
haberman_survival,0.1,0.05,minority_to_majority,tabpfn_threshold,-0.0022644927536231707
haberman_survival,0.1,0.1,majority_to_minority,tabpfn_threshold,0.029891304347825942
haberman_survival,0.1,0.1,minority_to_majority,tabpfn_threshold,0.008152173913043459
haberman_survival,0.1,0.2,majority_to_minority,tabpfn_threshold,-0.011775362318840688
haberman_survival,0.1,0.2,minority_to_majority,tabpfn_threshold,0.008605072463768071
haberman_survival,0.1,0.3,majority_to_minority,tabpfn_threshold,-0.08514492753623182
haberman_survival,0.1,0.3,minority_to_majority,tabpfn_threshold,0.02943840579710133
haberman_survival,0.2,0.05,majority_to_minority,tabpfn_threshold,0.02717391304347827
haberman_survival,0.2,0.05,minority_to_majority,tabpfn_threshold,-0.0031702898550725056
haberman_survival,0.2,0.1,majority_to_minority,tabpfn_threshold,0.0022644927536232817
haberman_survival,0.2,0.1,minority_to_majority,tabpfn_threshold,0.0040760869565218405
haberman_survival,0.2,0.2,majority_to_minority,tabpfn_threshold,-0.02309782608695643
haberman_survival,0.2,0.2,minority_to_majority,tabpfn_threshold,-0.0063405797101449
haberman_survival,0.2,0.3,majority_to_minority,tabpfn_threshold,-0.12001811594202894
haberman_survival,0.2,0.3,minority_to_majority,tabpfn_threshold,-0.09963768115942018
haberman_survival,0.5,0.05,majority_to_minority,tabpfn_threshold,-0.007699275362318847
haberman_survival,0.5,0.05,minority_to_majority,tabpfn_threshold,-0.0031702898550725056
haberman_survival,0.5,0.1,majority_to_minority,tabpfn_threshold,-0.004981884057971064
haberman_survival,0.5,0.1,minority_to_majority,tabpfn_threshold,0.012228260869565188
haberman_survival,0.5,0.2,majority_to_minority,tabpfn_threshold,-0.10144927536231874
haberman_survival,0.5,0.2,minority_to_majority,tabpfn_threshold,-0.03170289855072461
haberman_survival,0.5,0.3,majority_to_minority,tabpfn_threshold,-0.015851449275362417
haberman_survival,0.5,0.3,minority_to_majority,tabpfn_threshold,-0.10190217391304346
htru2,0.05,0.05,majority_to_minority,tabpfn_threshold,0.0007087570875711213
htru2,0.05,0.05,minority_to_majority,tabpfn_threshold,0.001178761787617999
htru2,0.05,0.1,majority_to_minority,tabpfn_threshold,-0.00026062760627598713
htru2,0.05,0.1,minority_to_majority,tabpfn_threshold,-4.687546875481452e-05
htru2,0.05,0.2,majority_to_minority,tabpfn_threshold,-0.00016687666876713525
htru2,0.05,0.2,minority_to_majority,tabpfn_threshold,-0.0005975059750595868
htru2,0.05,0.3,majority_to_minority,tabpfn_threshold,0.0026169011690118094
htru2,0.05,0.3,minority_to_majority,tabpfn_threshold,-0.002826278262782811
htru2,0.1,0.05,majority_to_minority,tabpfn_threshold,-0.0003118781187813058
htru2,0.1,0.05,minority_to_majority,tabpfn_threshold,-0.0005037550375504019
htru2,0.1,0.1,majority_to_minority,tabpfn_threshold,-0.00031187811878108374
htru2,0.1,0.1,minority_to_majority,tabpfn_threshold,-0.0011656366563665976
htru2,0.1,0.2,majority_to_minority,tabpfn_threshold,0.0017587675876757913
htru2,0.1,0.2,minority_to_majority,tabpfn_threshold,-0.0014087640876407903
htru2,0.1,0.3,majority_to_minority,tabpfn_threshold,0.001010635106351243
htru2,0.1,0.3,minority_to_majority,tabpfn_threshold,0.0008800088000879835
htru2,0.2,0.05,majority_to_minority,tabpfn_threshold,9.812598125957805e-05
htru2,0.2,0.05,minority_to_majority,tabpfn_threshold,-0.00014937649376478568
htru2,0.2,0.1,majority_to_minority,tabpfn_threshold,8.937589375923594e-05
htru2,0.2,0.1,minority_to_majority,tabpfn_threshold,-0.0023312733127331953
htru2,0.2,0.2,majority_to_minority,tabpfn_threshold,-0.00028250282502839674
htru2,0.2,0.2,minority_to_majority,tabpfn_threshold,-0.0039025390253903947
htru2,0.2,0.3,majority_to_minority,tabpfn_threshold,0.0010618856188563397
htru2,0.2,0.3,minority_to_majority,tabpfn_threshold,-0.004295042950429262
htru2,0.5,0.05,majority_to_minority,tabpfn_threshold,0.0002475024750248078
htru2,0.5,0.05,minority_to_majority,tabpfn_threshold,-0.0005506305063049943
htru2,0.5,0.1,majority_to_minority,tabpfn_threshold,-0.0005300053000528715
htru2,0.5,0.1,minority_to_majority,tabpfn_threshold,-0.00171626716267137
htru2,0.5,0.2,majority_to_minority,tabpfn_threshold,0.0016256412564125133
htru2,0.5,0.2,minority_to_majority,tabpfn_threshold,-0.0014381393813935883
htru2,0.5,0.3,majority_to_minority,tabpfn_threshold,-0.0679381793817938
htru2,0.5,0.3,minority_to_majority,tabpfn_threshold,-0.004081290812907978
ionosphere,0.05,0.05,majority_to_minority,tabpfn_threshold,0.0
ionosphere,0.05,0.05,minority_to_majority,tabpfn_threshold,0.0
ionosphere,0.05,0.1,majority_to_minority,tabpfn_threshold,0.0024637681159419555
ionosphere,0.05,0.1,minority_to_majority,tabpfn_threshold,-0.006666666666666821
ionosphere,0.05,0.2,majority_to_minority,tabpfn_threshold,-0.01449275362318847
ionosphere,0.05,0.2,minority_to_majority,tabpfn_threshold,-0.01637681159420279
ionosphere,0.05,0.3,majority_to_minority,tabpfn_threshold,-0.029565217391304244
ionosphere,0.05,0.3,minority_to_majority,tabpfn_threshold,-0.033333333333333215
ionosphere,0.1,0.05,majority_to_minority,tabpfn_threshold,0.006666666666666599
ionosphere,0.1,0.05,minority_to_majority,tabpfn_threshold,0.0036231884057972286
ionosphere,0.1,0.1,majority_to_minority,tabpfn_threshold,-0.0036231884057972286
ionosphere,0.1,0.1,minority_to_majority,tabpfn_threshold,-0.003043478260869592
ionosphere,0.1,0.2,majority_to_minority,tabpfn_threshold,-0.012028985507246515
ionosphere,0.1,0.2,minority_to_majority,tabpfn_threshold,-0.0024637681159418445
ionosphere,0.1,0.3,majority_to_minority,tabpfn_threshold,0.007391304347825978
ionosphere,0.1,0.3,minority_to_majority,tabpfn_threshold,-0.012173913043478035
ionosphere,0.2,0.05,majority_to_minority,tabpfn_threshold,-0.0036231884057970065
ionosphere,0.2,0.05,minority_to_majority,tabpfn_threshold,0.0
ionosphere,0.2,0.1,majority_to_minority,tabpfn_threshold,-0.0036231884057972286
ionosphere,0.2,0.1,minority_to_majority,tabpfn_threshold,-0.006666666666666821
ionosphere,0.2,0.2,majority_to_minority,tabpfn_threshold,-0.021739130434782816
ionosphere,0.2,0.2,minority_to_majority,tabpfn_threshold,-0.003043478260869592
ionosphere,0.2,0.3,majority_to_minority,tabpfn_threshold,0.02188405797101467
ionosphere,0.2,0.3,minority_to_majority,tabpfn_threshold,-0.009710144927536302
ionosphere,0.5,0.05,majority_to_minority,tabpfn_threshold,-0.0036231884057970065
ionosphere,0.5,0.05,minority_to_majority,tabpfn_threshold,0.0
ionosphere,0.5,0.1,majority_to_minority,tabpfn_threshold,0.003043478260869592
ionosphere,0.5,0.1,minority_to_majority,tabpfn_threshold,-0.003043478260869592
ionosphere,0.5,0.2,majority_to_minority,tabpfn_threshold,-0.02347826086956506
ionosphere,0.5,0.2,minority_to_majority,tabpfn_threshold,-0.012753623188405783
ionosphere,0.5,0.3,majority_to_minority,tabpfn_threshold,-0.17855072463768118
ionosphere,0.5,0.3,minority_to_majority,tabpfn_threshold,-0.10304347826086968
qsar_biodegradation,0.05,0.05,majority_to_minority,tabpfn_threshold,0.0023474178403755097
qsar_biodegradation,0.05,0.05,minority_to_majority,tabpfn_threshold,3.353454057686278e-05
qsar_biodegradation,0.05,0.1,majority_to_minority,tabpfn_threshold,-0.0036384976525821733
qsar_biodegradation,0.05,0.1,minority_to_majority,tabpfn_threshold,0.004795439302481497
qsar_biodegradation,0.05,0.2,majority_to_minority,tabpfn_threshold,-0.004996646545942118
qsar_biodegradation,0.05,0.2,minority_to_majority,tabpfn_threshold,0.002481556002682739
qsar_biodegradation,0.05,0.3,majority_to_minority,tabpfn_threshold,-0.031187122736418438
qsar_biodegradation,0.05,0.3,minority_to_majority,tabpfn_threshold,-0.0021126760563381364
qsar_biodegradation,0.1,0.05,majority_to_minority,tabpfn_threshold,-0.0024144869215292353
qsar_biodegradation,0.1,0.05,minority_to_majority,tabpfn_threshold,0.0035714285714283367
qsar_biodegradation,0.1,0.1,majority_to_minority,tabpfn_threshold,-0.014319248826291098
qsar_biodegradation,0.1,0.1,minority_to_majority,tabpfn_threshold,0.0012575452716298008
qsar_biodegradation,0.1,0.2,majority_to_minority,tabpfn_threshold,-0.0038732394366197687
qsar_biodegradation,0.1,0.2,minority_to_majority,tabpfn_threshold,-0.003403755868544578
qsar_biodegradation,0.1,0.3,majority_to_minority,tabpfn_threshold,-0.021965124077800047
qsar_biodegradation,0.1,0.3,minority_to_majority,tabpfn_threshold,-0.00435949027498328
qsar_biodegradation,0.2,0.05,majority_to_minority,tabpfn_threshold,-0.0023809523809523725
qsar_biodegradation,0.2,0.05,minority_to_majority,tabpfn_threshold,0.0023809523809523725
qsar_biodegradation,0.2,0.1,majority_to_minority,tabpfn_threshold,-0.006019450033534435
qsar_biodegradation,0.2,0.1,minority_to_majority,tabpfn_threshold,0.006019450033534546
qsar_biodegradation,0.2,0.2,majority_to_minority,tabpfn_threshold,-0.006220657276995278
qsar_biodegradation,0.2,0.2,minority_to_majority,tabpfn_threshold,-0.0056170355466128585
qsar_biodegradation,0.2,0.3,majority_to_minority,tabpfn_threshold,-0.02431254191817578
qsar_biodegradation,0.2,0.3,minority_to_majority,tabpfn_threshold,-0.009121395036887803
qsar_biodegradation,0.5,0.05,majority_to_minority,tabpfn_threshold,-0.001224010731052938
qsar_biodegradation,0.5,0.05,minority_to_majority,tabpfn_threshold,-0.002313883299798758
qsar_biodegradation,0.5,0.1,majority_to_minority,tabpfn_threshold,0.002146210596914777
qsar_biodegradation,0.5,0.1,minority_to_majority,tabpfn_threshold,-0.00684104627766613
qsar_biodegradation,0.5,0.2,majority_to_minority,tabpfn_threshold,-0.0006036217303824198
qsar_biodegradation,0.5,0.2,minority_to_majority,tabpfn_threshold,-0.010211267605633956
qsar_biodegradation,0.5,0.3,majority_to_minority,tabpfn_threshold,-0.1532193158953722
qsar_biodegradation,0.5,0.3,minority_to_majority,tabpfn_threshold,-0.03106975184439975
south_german_credit,0.05,0.05,majority_to_minority,tabpfn_threshold,-0.002777777777777768
south_german_credit,0.05,0.05,minority_to_majority,tabpfn_threshold,0.00039682539682561746
south_german_credit,0.05,0.1,majority_to_minority,tabpfn_threshold,0.0003968253968253954
south_german_credit,0.05,0.1,minority_to_majority,tabpfn_threshold,-0.008333333333333304
south_german_credit,0.05,0.2,majority_to_minority,tabpfn_threshold,0.003968253968253954
south_german_credit,0.05,0.2,minority_to_majority,tabpfn_threshold,-0.020238095238095166
south_german_credit,0.05,0.3,majority_to_minority,tabpfn_threshold,0.028174603174603075
south_german_credit,0.05,0.3,minority_to_majority,tabpfn_threshold,-0.06428571428571417
south_german_credit,0.1,0.05,majority_to_minority,tabpfn_threshold,0.005952380952380931
south_german_credit,0.1,0.05,minority_to_majority,tabpfn_threshold,-0.0007936507936507908
south_german_credit,0.1,0.1,majority_to_minority,tabpfn_threshold,0.013095238095238049
south_german_credit,0.1,0.1,minority_to_majority,tabpfn_threshold,-0.0007936507936507908
south_german_credit,0.1,0.2,majority_to_minority,tabpfn_threshold,-0.01309523809523827
south_german_credit,0.1,0.2,minority_to_majority,tabpfn_threshold,-0.023809523809523947
south_german_credit,0.1,0.3,majority_to_minority,tabpfn_threshold,-0.0087301587301587
south_german_credit,0.1,0.3,minority_to_majority,tabpfn_threshold,-0.050793650793650724
south_german_credit,0.2,0.05,majority_to_minority,tabpfn_threshold,-0.00515873015873014
south_german_credit,0.2,0.05,minority_to_majority,tabpfn_threshold,0.0015873015873015817
south_german_credit,0.2,0.1,majority_to_minority,tabpfn_threshold,-0.001984126984126977
south_german_credit,0.2,0.1,minority_to_majority,tabpfn_threshold,0.013492063492063444
south_german_credit,0.2,0.2,majority_to_minority,tabpfn_threshold,0.0031746031746031633
south_german_credit,0.2,0.2,minority_to_majority,tabpfn_threshold,-0.0023809523809523725
south_german_credit,0.2,0.3,majority_to_minority,tabpfn_threshold,-0.02182539682539697
south_german_credit,0.2,0.3,minority_to_majority,tabpfn_threshold,-0.04246031746031753
south_german_credit,0.5,0.05,majority_to_minority,tabpfn_threshold,-0.0031746031746031633
south_german_credit,0.5,0.05,minority_to_majority,tabpfn_threshold,-0.0003968253968253954
south_german_credit,0.5,0.1,majority_to_minority,tabpfn_threshold,-0.004761904761904745
south_german_credit,0.5,0.1,minority_to_majority,tabpfn_threshold,-0.005952380952381153
south_german_credit,0.5,0.2,majority_to_minority,tabpfn_threshold,-0.02261904761904754
south_german_credit,0.5,0.2,minority_to_majority,tabpfn_threshold,-0.023809523809523947
south_german_credit,0.5,0.3,majority_to_minority,tabpfn_threshold,-0.09999999999999998
south_german_credit,0.5,0.3,minority_to_majority,tabpfn_threshold,-0.08690476190476193
spambase,0.05,0.05,majority_to_minority,tabpfn_threshold,0.00018266733809257918
spambase,0.05,0.05,minority_to_majority,tabpfn_threshold,0.00013823474233998212
spambase,0.05,0.1,majority_to_minority,tabpfn_threshold,0.002456135154082384
spambase,0.05,0.1,minority_to_majority,tabpfn_threshold,0.00025425318680438735
spambase,0.05,0.2,majority_to_minority,tabpfn_threshold,0.0014662756598241566
spambase,0.05,0.2,minority_to_majority,tabpfn_threshold,0.0005307226714850177
spambase,0.05,0.3,majority_to_minority,tabpfn_threshold,0.0003381814232252811
spambase,0.05,0.3,minority_to_majority,tabpfn_threshold,-0.003944627111782784
spambase,0.1,0.05,majority_to_minority,tabpfn_threshold,-0.0004369205248967445
spambase,0.1,0.05,minority_to_majority,tabpfn_threshold,0.0004369205248967445
spambase,0.1,0.1,majority_to_minority,tabpfn_threshold,0.0002048836359688222
spambase,0.1,0.1,minority_to_majority,tabpfn_threshold,-0.0002048836359683781
spambase,0.1,0.2,majority_to_minority,tabpfn_threshold,-0.0026437394472588194
spambase,0.1,0.2,minority_to_majority,tabpfn_threshold,-8.886519150441696e-05
spambase,0.1,0.3,majority_to_minority,tabpfn_threshold,-0.0088494919873221
spambase,0.1,0.3,minority_to_majority,tabpfn_threshold,0.0033571294568361942
spambase,0.2,0.05,majority_to_minority,tabpfn_threshold,0.0006195878629892126
spambase,0.2,0.05,minority_to_majority,tabpfn_threshold,0.0011947431302270495
spambase,0.2,0.1,majority_to_minority,tabpfn_threshold,-0.0022290352202375407
spambase,0.2,0.1,minority_to_majority,tabpfn_threshold,0.00025425318680438735
spambase,0.2,0.2,majority_to_minority,tabpfn_threshold,-0.0028979926340627626
spambase,0.2,0.2,minority_to_majority,tabpfn_threshold,-6.664889362839599e-05
spambase,0.2,0.3,majority_to_minority,tabpfn_threshold,-0.004258123759590227
spambase,0.2,0.3,minority_to_majority,tabpfn_threshold,-0.005023351797545317
spambase,0.5,0.05,majority_to_minority,tabpfn_threshold,0.0009627062412987941
spambase,0.5,0.05,minority_to_majority,tabpfn_threshold,-0.00018266733809246816
spambase,0.5,0.1,majority_to_minority,tabpfn_threshold,-0.003379345754712215
spambase,0.5,0.1,minority_to_majority,tabpfn_threshold,-8.886519150475003e-05
spambase,0.5,0.2,majority_to_minority,tabpfn_threshold,-0.0015921680144551642
spambase,0.5,0.2,minority_to_majority,tabpfn_threshold,-0.005986058038844
spambase,0.5,0.3,majority_to_minority,tabpfn_threshold,-0.053479565942909035
spambase,0.5,0.3,minority_to_majority,tabpfn_threshold,-0.012917542976194074
statlog_heart,0.05,0.05,majority_to_minority,tabpfn_threshold,0.0
statlog_heart,0.05,0.05,minority_to_majority,tabpfn_threshold,0.0
statlog_heart,0.05,0.1,majority_to_minority,tabpfn_threshold,-0.015277777777777724
statlog_heart,0.05,0.1,minority_to_majority,tabpfn_threshold,-0.00694444444444442
statlog_heart,0.05,0.2,majority_to_minority,tabpfn_threshold,-0.029166666666666785
statlog_heart,0.05,0.2,minority_to_majority,tabpfn_threshold,0.004166666666666652
statlog_heart,0.05,0.3,majority_to_minority,tabpfn_threshold,-0.02361111111111125
statlog_heart,0.05,0.3,minority_to_majority,tabpfn_threshold,-0.04166666666666652
statlog_heart,0.1,0.05,majority_to_minority,tabpfn_threshold,-0.005555555555555536
statlog_heart,0.1,0.05,minority_to_majority,tabpfn_threshold,-0.006944444444444531
statlog_heart,0.1,0.1,majority_to_minority,tabpfn_threshold,0.001388888888888884
statlog_heart,0.1,0.1,minority_to_majority,tabpfn_threshold,-0.00694444444444442
statlog_heart,0.1,0.2,majority_to_minority,tabpfn_threshold,-0.01805555555555549
statlog_heart,0.1,0.2,minority_to_majority,tabpfn_threshold,-0.006944444444444309
statlog_heart,0.1,0.3,majority_to_minority,tabpfn_threshold,-0.063888888888889
statlog_heart,0.1,0.3,minority_to_majority,tabpfn_threshold,-0.015277777777777724
statlog_heart,0.2,0.05,majority_to_minority,tabpfn_threshold,-0.004166666666666652
statlog_heart,0.2,0.05,minority_to_majority,tabpfn_threshold,-0.002777777777777879
statlog_heart,0.2,0.1,majority_to_minority,tabpfn_threshold,-0.01666666666666683
statlog_heart,0.2,0.1,minority_to_majority,tabpfn_threshold,-0.006944444444444309
statlog_heart,0.2,0.2,majority_to_minority,tabpfn_threshold,-0.00694444444444442
statlog_heart,0.2,0.2,minority_to_majority,tabpfn_threshold,-0.04583333333333339
statlog_heart,0.2,0.3,majority_to_minority,tabpfn_threshold,-0.09722222222222232
statlog_heart,0.2,0.3,minority_to_majority,tabpfn_threshold,-0.009722222222222188
statlog_heart,0.5,0.05,majority_to_minority,tabpfn_threshold,-0.011111111111111072
statlog_heart,0.5,0.05,minority_to_majority,tabpfn_threshold,-0.001388888888888773
statlog_heart,0.5,0.1,majority_to_minority,tabpfn_threshold,-0.002777777777777768
statlog_heart,0.5,0.1,minority_to_majority,tabpfn_threshold,0.008333333333333415
statlog_heart,0.5,0.2,majority_to_minority,tabpfn_threshold,-0.050000000000000044
statlog_heart,0.5,0.2,minority_to_majority,tabpfn_threshold,0.043055555555555625
statlog_heart,0.5,0.3,majority_to_minority,tabpfn_threshold,-0.16805555555555562
statlog_heart,0.5,0.3,minority_to_majority,tabpfn_threshold,0.002777777777777768
banknote_authentication,0.05,0.05,majority_to_minority,tabpfn_distpfn,0.0
banknote_authentication,0.05,0.05,minority_to_majority,tabpfn_distpfn,0.0
banknote_authentication,0.05,0.1,majority_to_minority,tabpfn_distpfn,0.0
banknote_authentication,0.05,0.1,minority_to_majority,tabpfn_distpfn,-0.004098360655737765
banknote_authentication,0.05,0.2,majority_to_minority,tabpfn_distpfn,-0.002178649237472796
banknote_authentication,0.05,0.2,minority_to_majority,tabpfn_distpfn,0.0
banknote_authentication,0.05,0.3,majority_to_minority,tabpfn_distpfn,-0.0010893246187363426
banknote_authentication,0.05,0.3,minority_to_majority,tabpfn_distpfn,0.0
banknote_authentication,0.1,0.05,majority_to_minority,tabpfn_distpfn,0.0
banknote_authentication,0.1,0.05,minority_to_majority,tabpfn_distpfn,0.0
banknote_authentication,0.1,0.1,majority_to_minority,tabpfn_distpfn,-0.0010893246187363426
banknote_authentication,0.1,0.1,minority_to_majority,tabpfn_distpfn,0.0
banknote_authentication,0.1,0.2,majority_to_minority,tabpfn_distpfn,-0.002178649237472574
banknote_authentication,0.1,0.2,minority_to_majority,tabpfn_distpfn,0.0
banknote_authentication,0.1,0.3,majority_to_minority,tabpfn_distpfn,-0.0010893246187364536
banknote_authentication,0.1,0.3,minority_to_majority,tabpfn_distpfn,0.0
banknote_authentication,0.2,0.05,majority_to_minority,tabpfn_distpfn,0.0
banknote_authentication,0.2,0.05,minority_to_majority,tabpfn_distpfn,0.0
banknote_authentication,0.2,0.1,majority_to_minority,tabpfn_distpfn,0.0
banknote_authentication,0.2,0.1,minority_to_majority,tabpfn_distpfn,0.0
banknote_authentication,0.2,0.2,majority_to_minority,tabpfn_distpfn,0.0
banknote_authentication,0.2,0.2,minority_to_majority,tabpfn_distpfn,0.0
banknote_authentication,0.2,0.3,majority_to_minority,tabpfn_distpfn,-0.002178649237472796
banknote_authentication,0.2,0.3,minority_to_majority,tabpfn_distpfn,0.0
banknote_authentication,0.5,0.05,majority_to_minority,tabpfn_distpfn,0.0
banknote_authentication,0.5,0.05,minority_to_majority,tabpfn_distpfn,0.0
banknote_authentication,0.5,0.1,majority_to_minority,tabpfn_distpfn,0.0
banknote_authentication,0.5,0.1,minority_to_majority,tabpfn_distpfn,0.0
banknote_authentication,0.5,0.2,majority_to_minority,tabpfn_distpfn,-0.002178649237472796
banknote_authentication,0.5,0.2,minority_to_majority,tabpfn_distpfn,-0.006830601092896016
banknote_authentication,0.5,0.3,majority_to_minority,tabpfn_distpfn,-0.45642701525054474
banknote_authentication,0.5,0.3,minority_to_majority,tabpfn_distpfn,-0.057377049180328044
blood_transfusion,0.05,0.05,majority_to_minority,tabpfn_distpfn,0.0
blood_transfusion,0.05,0.05,minority_to_majority,tabpfn_distpfn,0.0
blood_transfusion,0.05,0.1,majority_to_minority,tabpfn_distpfn,-0.0014619883040936088
blood_transfusion,0.05,0.1,minority_to_majority,tabpfn_distpfn,0.0
blood_transfusion,0.05,0.2,majority_to_minority,tabpfn_distpfn,0.0
blood_transfusion,0.05,0.2,minority_to_majority,tabpfn_distpfn,0.0
blood_transfusion,0.05,0.3,majority_to_minority,tabpfn_distpfn,0.0
blood_transfusion,0.05,0.3,minority_to_majority,tabpfn_distpfn,0.0
blood_transfusion,0.1,0.05,majority_to_minority,tabpfn_distpfn,0.0
blood_transfusion,0.1,0.05,minority_to_majority,tabpfn_distpfn,0.0
blood_transfusion,0.1,0.1,majority_to_minority,tabpfn_distpfn,0.00462962962962965
blood_transfusion,0.1,0.1,minority_to_majority,tabpfn_distpfn,0.0
blood_transfusion,0.1,0.2,majority_to_minority,tabpfn_distpfn,0.004873294346978696
blood_transfusion,0.1,0.2,minority_to_majority,tabpfn_distpfn,0.0
blood_transfusion,0.1,0.3,majority_to_minority,tabpfn_distpfn,0.0
blood_transfusion,0.1,0.3,minority_to_majority,tabpfn_distpfn,0.0
blood_transfusion,0.2,0.05,majority_to_minority,tabpfn_distpfn,0.006335282651072083
blood_transfusion,0.2,0.05,minority_to_majority,tabpfn_distpfn,-0.00462962962962965
blood_transfusion,0.2,0.1,majority_to_minority,tabpfn_distpfn,0.009502923976608235
blood_transfusion,0.2,0.1,minority_to_majority,tabpfn_distpfn,-0.00462962962962965
blood_transfusion,0.2,0.2,majority_to_minority,tabpfn_distpfn,0.046052631578947345
blood_transfusion,0.2,0.2,minority_to_majority,tabpfn_distpfn,-0.006335282651072194
blood_transfusion,0.2,0.3,majority_to_minority,tabpfn_distpfn,0.060916179337231924
blood_transfusion,0.2,0.3,minority_to_majority,tabpfn_distpfn,0.0
blood_transfusion,0.5,0.05,majority_to_minority,tabpfn_distpfn,-0.004873294346978585
blood_transfusion,0.5,0.05,minority_to_majority,tabpfn_distpfn,-0.006822612085769841
blood_transfusion,0.5,0.1,majority_to_minority,tabpfn_distpfn,-0.017787524366471685
blood_transfusion,0.5,0.1,minority_to_majority,tabpfn_distpfn,-0.014132553606237885
blood_transfusion,0.5,0.2,majority_to_minority,tabpfn_distpfn,-0.036306042884990175
blood_transfusion,0.5,0.2,minority_to_majority,tabpfn_distpfn,-0.1057504873294347
blood_transfusion,0.5,0.3,majority_to_minority,tabpfn_distpfn,-0.01851851851851849
blood_transfusion,0.5,0.3,minority_to_majority,tabpfn_distpfn,-0.042397660818713434
breast_cancer_wisconsin,0.05,0.05,majority_to_minority,tabpfn_distpfn,0.003968253968253954
breast_cancer_wisconsin,0.05,0.05,minority_to_majority,tabpfn_distpfn,0.0023148148148147696
breast_cancer_wisconsin,0.05,0.1,majority_to_minority,tabpfn_distpfn,0.0016534391534389625
breast_cancer_wisconsin,0.05,0.1,minority_to_majority,tabpfn_distpfn,0.0
breast_cancer_wisconsin,0.05,0.2,majority_to_minority,tabpfn_distpfn,0.0
breast_cancer_wisconsin,0.05,0.2,minority_to_majority,tabpfn_distpfn,-0.009589947089947093
breast_cancer_wisconsin,0.05,0.3,majority_to_minority,tabpfn_distpfn,0.003306878306878258
breast_cancer_wisconsin,0.05,0.3,minority_to_majority,tabpfn_distpfn,-0.003968253968253954
breast_cancer_wisconsin,0.1,0.05,majority_to_minority,tabpfn_distpfn,0.0
breast_cancer_wisconsin,0.1,0.05,minority_to_majority,tabpfn_distpfn,-0.003968253968253621
breast_cancer_wisconsin,0.1,0.1,majority_to_minority,tabpfn_distpfn,0.00793650793650802
breast_cancer_wisconsin,0.1,0.1,minority_to_majority,tabpfn_distpfn,-0.003968253968254176
breast_cancer_wisconsin,0.1,0.2,majority_to_minority,tabpfn_distpfn,-0.0006613756613758071
breast_cancer_wisconsin,0.1,0.2,minority_to_majority,tabpfn_distpfn,-0.011243386243386277
breast_cancer_wisconsin,0.1,0.3,majority_to_minority,tabpfn_distpfn,-0.0092592592592593
breast_cancer_wisconsin,0.1,0.3,minority_to_majority,tabpfn_distpfn,-0.02314814814814814
breast_cancer_wisconsin,0.2,0.05,majority_to_minority,tabpfn_distpfn,0.0
breast_cancer_wisconsin,0.2,0.05,minority_to_majority,tabpfn_distpfn,0.0
breast_cancer_wisconsin,0.2,0.1,majority_to_minority,tabpfn_distpfn,0.0
breast_cancer_wisconsin,0.2,0.1,minority_to_majority,tabpfn_distpfn,-0.003968253968253954
breast_cancer_wisconsin,0.2,0.2,majority_to_minority,tabpfn_distpfn,0.003306878306878369
breast_cancer_wisconsin,0.2,0.2,minority_to_majority,tabpfn_distpfn,-0.021494708994708955
breast_cancer_wisconsin,0.2,0.3,majority_to_minority,tabpfn_distpfn,-0.00033068783068801455
breast_cancer_wisconsin,0.2,0.3,minority_to_majority,tabpfn_distpfn,-0.03968253968253954
breast_cancer_wisconsin,0.5,0.05,majority_to_minority,tabpfn_distpfn,-0.0023148148148149916
breast_cancer_wisconsin,0.5,0.05,minority_to_majority,tabpfn_distpfn,-0.00562169312169325
breast_cancer_wisconsin,0.5,0.1,majority_to_minority,tabpfn_distpfn,-0.00132275132275117
breast_cancer_wisconsin,0.5,0.1,minority_to_majority,tabpfn_distpfn,-0.011904761904761751
breast_cancer_wisconsin,0.5,0.2,majority_to_minority,tabpfn_distpfn,-0.015873015873015928
breast_cancer_wisconsin,0.5,0.2,minority_to_majority,tabpfn_distpfn,-0.0357142857142857
breast_cancer_wisconsin,0.5,0.3,majority_to_minority,tabpfn_distpfn,-0.39715608465608454
breast_cancer_wisconsin,0.5,0.3,minority_to_majority,tabpfn_distpfn,-0.21825396825396826
haberman_survival,0.05,0.05,majority_to_minority,tabpfn_distpfn,0.0
haberman_survival,0.05,0.05,minority_to_majority,tabpfn_distpfn,0.0
haberman_survival,0.05,0.1,majority_to_minority,tabpfn_distpfn,0.0
haberman_survival,0.05,0.1,minority_to_majority,tabpfn_distpfn,0.0
haberman_survival,0.05,0.2,majority_to_minority,tabpfn_distpfn,0.0
haberman_survival,0.05,0.2,minority_to_majority,tabpfn_distpfn,0.0
haberman_survival,0.05,0.3,majority_to_minority,tabpfn_distpfn,0.0
haberman_survival,0.05,0.3,minority_to_majority,tabpfn_distpfn,0.0
haberman_survival,0.1,0.05,majority_to_minority,tabpfn_distpfn,0.0
haberman_survival,0.1,0.05,minority_to_majority,tabpfn_distpfn,0.0
haberman_survival,0.1,0.1,majority_to_minority,tabpfn_distpfn,0.01041666666666674
haberman_survival,0.1,0.1,minority_to_majority,tabpfn_distpfn,0.0
haberman_survival,0.1,0.2,majority_to_minority,tabpfn_distpfn,-0.0036231884057971175
haberman_survival,0.1,0.2,minority_to_majority,tabpfn_distpfn,0.0
haberman_survival,0.1,0.3,majority_to_minority,tabpfn_distpfn,0.0
haberman_survival,0.1,0.3,minority_to_majority,tabpfn_distpfn,0.0
haberman_survival,0.2,0.05,majority_to_minority,tabpfn_distpfn,0.0
haberman_survival,0.2,0.05,minority_to_majority,tabpfn_distpfn,0.0
haberman_survival,0.2,0.1,majority_to_minority,tabpfn_distpfn,0.01041666666666663
haberman_survival,0.2,0.1,minority_to_majority,tabpfn_distpfn,0.0
haberman_survival,0.2,0.2,majority_to_minority,tabpfn_distpfn,0.034420289855072395
haberman_survival,0.2,0.2,minority_to_majority,tabpfn_distpfn,0.0
haberman_survival,0.2,0.3,majority_to_minority,tabpfn_distpfn,0.03396739130434778
haberman_survival,0.2,0.3,minority_to_majority,tabpfn_distpfn,0.0
haberman_survival,0.5,0.05,majority_to_minority,tabpfn_distpfn,0.020380434782608647
haberman_survival,0.5,0.05,minority_to_majority,tabpfn_distpfn,0.018115942028985366
haberman_survival,0.5,0.1,majority_to_minority,tabpfn_distpfn,-0.0013586956521738358
haberman_survival,0.5,0.1,minority_to_majority,tabpfn_distpfn,-0.06068840579710133
haberman_survival,0.5,0.2,majority_to_minority,tabpfn_distpfn,-0.08650362318840576
haberman_survival,0.5,0.2,minority_to_majority,tabpfn_distpfn,-0.0688405797101449
haberman_survival,0.5,0.3,majority_to_minority,tabpfn_distpfn,0.006793478260869623
haberman_survival,0.5,0.3,minority_to_majority,tabpfn_distpfn,-0.01041666666666663
htru2,0.05,0.05,majority_to_minority,tabpfn_distpfn,0.001370638706386873
htru2,0.05,0.05,minority_to_majority,tabpfn_distpfn,-0.0009650096500963823
htru2,0.05,0.1,majority_to_minority,tabpfn_distpfn,0.0029462794627944655
htru2,0.05,0.1,minority_to_majority,tabpfn_distpfn,-0.002895028950289369
htru2,0.05,0.2,majority_to_minority,tabpfn_distpfn,0.004671296712967177
htru2,0.05,0.2,minority_to_majority,tabpfn_distpfn,-0.004368168681687212
htru2,0.05,0.3,majority_to_minority,tabpfn_distpfn,0.005025675256752682
htru2,0.05,0.3,minority_to_majority,tabpfn_distpfn,-0.024129616296162948
htru2,0.1,0.05,majority_to_minority,tabpfn_distpfn,0.0015243902439023849
htru2,0.1,0.05,minority_to_majority,tabpfn_distpfn,0.00010250102501030423
htru2,0.1,0.1,majority_to_minority,tabpfn_distpfn,0.0018275182751825714
htru2,0.1,0.1,minority_to_majority,tabpfn_distpfn,-0.0004568795687954763
htru2,0.1,0.2,majority_to_minority,tabpfn_distpfn,0.00477379773797737
htru2,0.1,0.2,minority_to_majority,tabpfn_distpfn,-0.011883243832438217
htru2,0.1,0.3,majority_to_minority,tabpfn_distpfn,0.007156321563215551
htru2,0.1,0.3,minority_to_majority,tabpfn_distpfn,-0.019099565995659873
htru2,0.2,0.05,majority_to_minority,tabpfn_distpfn,0.001370638706387206
htru2,0.2,0.05,minority_to_majority,tabpfn_distpfn,-0.0014731397313976213
htru2,0.2,0.1,majority_to_minority,tabpfn_distpfn,0.00314690646906457
htru2,0.2,0.1,minority_to_majority,tabpfn_distpfn,-0.0011656366563664866
htru2,0.2,0.2,majority_to_minority,tabpfn_distpfn,0.002736902369023797
htru2,0.2,0.2,minority_to_majority,tabpfn_distpfn,-0.011221362213622021
htru2,0.2,0.3,majority_to_minority,tabpfn_distpfn,0.005879433794337974
htru2,0.2,0.3,minority_to_majority,tabpfn_distpfn,-0.2955223302233023
htru2,0.5,0.05,majority_to_minority,tabpfn_distpfn,0.0013193881938821095
htru2,0.5,0.05,minority_to_majority,tabpfn_distpfn,-0.0017250172501723782
htru2,0.5,0.1,majority_to_minority,tabpfn_distpfn,0.002382523825238403
htru2,0.5,0.1,minority_to_majority,tabpfn_distpfn,-0.013044505445054422
htru2,0.5,0.2,majority_to_minority,tabpfn_distpfn,0.0010881358813588093
htru2,0.5,0.2,minority_to_majority,tabpfn_distpfn,-0.1390738907389074
htru2,0.5,0.3,majority_to_minority,tabpfn_distpfn,-0.11370176201762028
htru2,0.5,0.3,minority_to_majority,tabpfn_distpfn,0.0
ionosphere,0.05,0.05,majority_to_minority,tabpfn_distpfn,0.0
ionosphere,0.05,0.05,minority_to_majority,tabpfn_distpfn,0.0
ionosphere,0.05,0.1,majority_to_minority,tabpfn_distpfn,0.0
ionosphere,0.05,0.1,minority_to_majority,tabpfn_distpfn,-0.0230434782608695
ionosphere,0.05,0.2,majority_to_minority,tabpfn_distpfn,-0.0036231884057970065
ionosphere,0.05,0.2,minority_to_majority,tabpfn_distpfn,-0.0163768115942029
ionosphere,0.05,0.3,majority_to_minority,tabpfn_distpfn,0.0327536231884058
ionosphere,0.05,0.3,minority_to_majority,tabpfn_distpfn,-0.03637681159420281
ionosphere,0.1,0.05,majority_to_minority,tabpfn_distpfn,-0.0036231884057970065
ionosphere,0.1,0.05,minority_to_majority,tabpfn_distpfn,-0.006666666666666599
ionosphere,0.1,0.1,majority_to_minority,tabpfn_distpfn,0.006666666666666599
ionosphere,0.1,0.1,minority_to_majority,tabpfn_distpfn,0.0
ionosphere,0.1,0.2,majority_to_minority,tabpfn_distpfn,0.006086956521739184
ionosphere,0.1,0.2,minority_to_majority,tabpfn_distpfn,-0.026666666666666727
ionosphere,0.1,0.3,majority_to_minority,tabpfn_distpfn,0.019420289855072492
ionosphere,0.1,0.3,minority_to_majority,tabpfn_distpfn,-0.02304347826086961
ionosphere,0.2,0.05,majority_to_minority,tabpfn_distpfn,0.0
ionosphere,0.2,0.05,minority_to_majority,tabpfn_distpfn,0.0
ionosphere,0.2,0.1,majority_to_minority,tabpfn_distpfn,0.003043478260869814
ionosphere,0.2,0.1,minority_to_majority,tabpfn_distpfn,0.0
ionosphere,0.2,0.2,majority_to_minority,tabpfn_distpfn,-0.001159420289855273
ionosphere,0.2,0.2,minority_to_majority,tabpfn_distpfn,-0.0230434782608695
ionosphere,0.2,0.3,majority_to_minority,tabpfn_distpfn,0.007971014492753392
ionosphere,0.2,0.3,minority_to_majority,tabpfn_distpfn,-0.033333333333333326
ionosphere,0.5,0.05,majority_to_minority,tabpfn_distpfn,-0.0036231884057970065
ionosphere,0.5,0.05,minority_to_majority,tabpfn_distpfn,-0.01333333333333342
ionosphere,0.5,0.1,majority_to_minority,tabpfn_distpfn,0.003043478260869592
ionosphere,0.5,0.1,minority_to_majority,tabpfn_distpfn,-0.00666666666666671
ionosphere,0.5,0.2,majority_to_minority,tabpfn_distpfn,-0.0089855072463767
ionosphere,0.5,0.2,minority_to_majority,tabpfn_distpfn,-0.046666666666666745
ionosphere,0.5,0.3,majority_to_minority,tabpfn_distpfn,-0.3562318840579709
ionosphere,0.5,0.3,minority_to_majority,tabpfn_distpfn,-0.1266666666666667
qsar_biodegradation,0.05,0.05,majority_to_minority,tabpfn_distpfn,0.005851777330650565
qsar_biodegradation,0.05,0.05,minority_to_majority,tabpfn_distpfn,-0.0011569416498993235
qsar_biodegradation,0.05,0.1,majority_to_minority,tabpfn_distpfn,0.011737089201877882
qsar_biodegradation,0.05,0.1,minority_to_majority,tabpfn_distpfn,-0.01993628437290418
qsar_biodegradation,0.05,0.2,majority_to_minority,tabpfn_distpfn,0.015107310529845819
qsar_biodegradation,0.05,0.2,minority_to_majority,tabpfn_distpfn,-0.04681421864520463
qsar_biodegradation,0.05,0.3,majority_to_minority,tabpfn_distpfn,0.056270959087860506
qsar_biodegradation,0.05,0.3,minority_to_majority,tabpfn_distpfn,-0.03868209255533217
qsar_biodegradation,0.1,0.05,majority_to_minority,tabpfn_distpfn,0.003504359490274944
qsar_biodegradation,0.1,0.05,minority_to_majority,tabpfn_distpfn,-0.0046948356807511304
qsar_biodegradation,0.1,0.1,majority_to_minority,tabpfn_distpfn,0.01405097250167664
qsar_biodegradation,0.1,0.1,minority_to_majority,tabpfn_distpfn,-0.008199195171026186
qsar_biodegradation,0.1,0.2,majority_to_minority,tabpfn_distpfn,0.009255533199195143
qsar_biodegradation,0.1,0.2,minority_to_majority,tabpfn_distpfn,-0.01639839034205237
qsar_biodegradation,0.1,0.3,majority_to_minority,tabpfn_distpfn,0.02092555331991941
qsar_biodegradation,0.1,0.3,minority_to_majority,tabpfn_distpfn,-0.06919852448021446
qsar_biodegradation,0.2,0.05,majority_to_minority,tabpfn_distpfn,0.0011569416498994345
qsar_biodegradation,0.2,0.05,minority_to_majority,tabpfn_distpfn,-0.005851777330650565
qsar_biodegradation,0.2,0.1,majority_to_minority,tabpfn_distpfn,0.007008718980549888
qsar_biodegradation,0.2,0.1,minority_to_majority,tabpfn_distpfn,-0.01874580818242788
qsar_biodegradation,0.2,0.2,majority_to_minority,tabpfn_distpfn,0.024463447350771217
qsar_biodegradation,0.2,0.2,minority_to_majority,tabpfn_distpfn,-0.02453051643192472
qsar_biodegradation,0.2,0.3,majority_to_minority,tabpfn_distpfn,-0.012206572769953072
qsar_biodegradation,0.2,0.3,minority_to_majority,tabpfn_distpfn,-0.04684775318578138
qsar_biodegradation,0.5,0.05,majority_to_minority,tabpfn_distpfn,-0.00010060362173047732
qsar_biodegradation,0.5,0.05,minority_to_majority,tabpfn_distpfn,0.005985915492957794
qsar_biodegradation,0.5,0.1,majority_to_minority,tabpfn_distpfn,0.0033031522468141006
qsar_biodegradation,0.5,0.1,minority_to_majority,tabpfn_distpfn,0.00013413816230711806
qsar_biodegradation,0.5,0.2,majority_to_minority,tabpfn_distpfn,-0.03965459423205908
qsar_biodegradation,0.5,0.2,minority_to_majority,tabpfn_distpfn,-0.03967136150234751
qsar_biodegradation,0.5,0.3,majority_to_minority,tabpfn_distpfn,-0.22523474178403757
qsar_biodegradation,0.5,0.3,minority_to_majority,tabpfn_distpfn,-0.1546613011401744
south_german_credit,0.05,0.05,majority_to_minority,tabpfn_distpfn,0.0
south_german_credit,0.05,0.05,minority_to_majority,tabpfn_distpfn,0.0
south_german_credit,0.05,0.1,majority_to_minority,tabpfn_distpfn,0.0
south_german_credit,0.05,0.1,minority_to_majority,tabpfn_distpfn,0.0
south_german_credit,0.05,0.2,majority_to_minority,tabpfn_distpfn,0.0
south_german_credit,0.05,0.2,minority_to_majority,tabpfn_distpfn,0.0
south_german_credit,0.05,0.3,majority_to_minority,tabpfn_distpfn,0.0
south_german_credit,0.05,0.3,minority_to_majority,tabpfn_distpfn,0.0
south_german_credit,0.1,0.05,majority_to_minority,tabpfn_distpfn,-0.0011904761904761862
south_german_credit,0.1,0.05,minority_to_majority,tabpfn_distpfn,-0.0003968253968253954
south_german_credit,0.1,0.1,majority_to_minority,tabpfn_distpfn,0.00436507936507935
south_german_credit,0.1,0.1,minority_to_majority,tabpfn_distpfn,-0.005952380952380931
south_german_credit,0.1,0.2,majority_to_minority,tabpfn_distpfn,0.008333333333333415
south_german_credit,0.1,0.2,minority_to_majority,tabpfn_distpfn,0.0011904761904761862
south_german_credit,0.1,0.3,majority_to_minority,tabpfn_distpfn,0.02619047619047621
south_german_credit,0.1,0.3,minority_to_majority,tabpfn_distpfn,0.0
south_german_credit,0.2,0.05,majority_to_minority,tabpfn_distpfn,0.0011904761904761862
south_german_credit,0.2,0.05,minority_to_majority,tabpfn_distpfn,-0.01309523809523827
south_german_credit,0.2,0.1,majority_to_minority,tabpfn_distpfn,0.02261904761904765
south_german_credit,0.2,0.1,minority_to_majority,tabpfn_distpfn,-0.019841269841269882
south_german_credit,0.2,0.2,majority_to_minority,tabpfn_distpfn,0.05119047619047612
south_german_credit,0.2,0.2,minority_to_majority,tabpfn_distpfn,-0.0087301587301587
south_german_credit,0.2,0.3,majority_to_minority,tabpfn_distpfn,0.07658730158730154
south_german_credit,0.2,0.3,minority_to_majority,tabpfn_distpfn,-0.004761904761904745
south_german_credit,0.5,0.05,majority_to_minority,tabpfn_distpfn,0.0015873015873015817
south_german_credit,0.5,0.05,minority_to_majority,tabpfn_distpfn,-0.0031746031746031633
south_german_credit,0.5,0.1,majority_to_minority,tabpfn_distpfn,-0.00952380952380949
south_german_credit,0.5,0.1,minority_to_majority,tabpfn_distpfn,-0.015873015873015817
south_german_credit,0.5,0.2,majority_to_minority,tabpfn_distpfn,-0.04761904761904745
south_german_credit,0.5,0.2,minority_to_majority,tabpfn_distpfn,-0.07738095238095244
south_german_credit,0.5,0.3,majority_to_minority,tabpfn_distpfn,-0.07896825396825402
south_german_credit,0.5,0.3,minority_to_majority,tabpfn_distpfn,-0.052380952380952306
spambase,0.05,0.05,majority_to_minority,tabpfn_distpfn,0.0001604510402165582
spambase,0.05,0.05,minority_to_majority,tabpfn_distpfn,-0.002456135154082384
spambase,0.05,0.1,majority_to_minority,tabpfn_distpfn,0.0020192146291851953
spambase,0.05,0.1,minority_to_majority,tabpfn_distpfn,-0.0023179004117417357
spambase,0.05,0.2,majority_to_minority,tabpfn_distpfn,0.006151446034144081
spambase,0.05,0.2,minority_to_majority,tabpfn_distpfn,-0.007827542285020472
spambase,0.05,0.3,majority_to_minority,tabpfn_distpfn,0.008331111703545835
spambase,0.05,0.3,minority_to_majority,tabpfn_distpfn,-0.016916476593895946
spambase,0.1,0.05,majority_to_minority,tabpfn_distpfn,0.0015378615085359648
spambase,0.1,0.05,minority_to_majority,tabpfn_distpfn,-0.0003209020804330054
spambase,0.1,0.1,majority_to_minority,tabpfn_distpfn,0.00032090208043278334
spambase,0.1,0.1,minority_to_majority,tabpfn_distpfn,-0.0020192146291854174
spambase,0.1,0.2,majority_to_minority,tabpfn_distpfn,0.004934486606040789
spambase,0.1,0.2,minority_to_majority,tabpfn_distpfn,-0.007390621760123173
spambase,0.1,0.3,majority_to_minority,tabpfn_distpfn,0.005023351797545539
spambase,0.1,0.3,minority_to_majority,tabpfn_distpfn,-0.01583775190813319
spambase,0.2,0.05,majority_to_minority,tabpfn_distpfn,0.0010787246857631994
spambase,0.2,0.05,minority_to_majority,tabpfn_distpfn,-2.221629787590995e-05
spambase,0.2,0.1,majority_to_minority,tabpfn_distpfn,0.0029152719768558155
spambase,0.2,0.1,minority_to_majority,tabpfn_distpfn,-0.005094937646257014
spambase,0.2,0.2,majority_to_minority,tabpfn_distpfn,0.0020636472249376814
spambase,0.2,0.2,minority_to_majority,tabpfn_distpfn,-0.013978988319163999
spambase,0.2,0.3,majority_to_minority,tabpfn_distpfn,0.0006812998015345295
spambase,0.2,0.3,minority_to_majority,tabpfn_distpfn,-0.03174708966497819
spambase,0.5,0.05,majority_to_minority,tabpfn_distpfn,-0.00041470422702083454
spambase,0.5,0.05,minority_to_majority,tabpfn_distpfn,-0.004292682445175
spambase,0.5,0.1,majority_to_minority,tabpfn_distpfn,-0.0012663289789389687
spambase,0.5,0.1,minority_to_majority,tabpfn_distpfn,-0.004337115040927375
spambase,0.5,0.2,majority_to_minority,tabpfn_distpfn,-0.005198613703012445
spambase,0.5,0.2,minority_to_majority,tabpfn_distpfn,-0.023527059450813015
spambase,0.5,0.3,majority_to_minority,tabpfn_distpfn,-0.4083627082160808
spambase,0.5,0.3,minority_to_majority,tabpfn_distpfn,-0.2484769493567146
statlog_heart,0.05,0.05,majority_to_minority,tabpfn_distpfn,0.0
statlog_heart,0.05,0.05,minority_to_majority,tabpfn_distpfn,0.0
statlog_heart,0.05,0.1,majority_to_minority,tabpfn_distpfn,0.015277777777777835
statlog_heart,0.05,0.1,minority_to_majority,tabpfn_distpfn,-0.02083333333333337
statlog_heart,0.05,0.2,majority_to_minority,tabpfn_distpfn,0.02083333333333326
statlog_heart,0.05,0.2,minority_to_majority,tabpfn_distpfn,-0.0277777777777779
statlog_heart,0.05,0.3,majority_to_minority,tabpfn_distpfn,0.06944444444444442
statlog_heart,0.05,0.3,minority_to_majority,tabpfn_distpfn,-0.03472222222222221
statlog_heart,0.1,0.05,majority_to_minority,tabpfn_distpfn,0.01388888888888884
statlog_heart,0.1,0.05,minority_to_majority,tabpfn_distpfn,-0.03472222222222221
statlog_heart,0.1,0.1,majority_to_minority,tabpfn_distpfn,0.0
statlog_heart,0.1,0.1,minority_to_majority,tabpfn_distpfn,-0.006944444444444309
statlog_heart,0.1,0.2,majority_to_minority,tabpfn_distpfn,-0.004166666666666541
statlog_heart,0.1,0.2,minority_to_majority,tabpfn_distpfn,-0.008333333333333304
statlog_heart,0.1,0.3,majority_to_minority,tabpfn_distpfn,0.043055555555555625
statlog_heart,0.1,0.3,minority_to_majority,tabpfn_distpfn,-0.015277777777777724
statlog_heart,0.2,0.05,majority_to_minority,tabpfn_distpfn,0.006944444444444531
statlog_heart,0.2,0.05,minority_to_majority,tabpfn_distpfn,0.0
statlog_heart,0.2,0.1,majority_to_minority,tabpfn_distpfn,-0.009722222222222299
statlog_heart,0.2,0.1,minority_to_majority,tabpfn_distpfn,0.005555555555555758
statlog_heart,0.2,0.2,majority_to_minority,tabpfn_distpfn,0.0347222222222221
statlog_heart,0.2,0.2,minority_to_majority,tabpfn_distpfn,-0.029166666666666674
statlog_heart,0.2,0.3,majority_to_minority,tabpfn_distpfn,0.04861111111111116
statlog_heart,0.2,0.3,minority_to_majority,tabpfn_distpfn,-0.10138888888888886
statlog_heart,0.5,0.05,majority_to_minority,tabpfn_distpfn,0.002777777777777768
statlog_heart,0.5,0.05,minority_to_majority,tabpfn_distpfn,-0.001388888888888773
statlog_heart,0.5,0.1,majority_to_minority,tabpfn_distpfn,0.006944444444444309
statlog_heart,0.5,0.1,minority_to_majority,tabpfn_distpfn,-0.004166666666666763
statlog_heart,0.5,0.2,majority_to_minority,tabpfn_distpfn,-0.06944444444444431
statlog_heart,0.5,0.2,minority_to_majority,tabpfn_distpfn,-0.022222222222222143
statlog_heart,0.5,0.3,majority_to_minority,tabpfn_distpfn,-0.1347222222222222
statlog_heart,0.5,0.3,minority_to_majority,tabpfn_distpfn,-0.08472222222222237
banknote_authentication,0.05,0.05,majority_to_minority,tabpfn_distpfn_t,0.0
banknote_authentication,0.05,0.05,minority_to_majority,tabpfn_distpfn_t,0.0
banknote_authentication,0.05,0.1,majority_to_minority,tabpfn_distpfn_t,0.0
banknote_authentication,0.05,0.1,minority_to_majority,tabpfn_distpfn_t,0.0
banknote_authentication,0.05,0.2,majority_to_minority,tabpfn_distpfn_t,-0.0032679738562092497
banknote_authentication,0.05,0.2,minority_to_majority,tabpfn_distpfn_t,0.0
banknote_authentication,0.05,0.3,majority_to_minority,tabpfn_distpfn_t,-0.002178649237472796
banknote_authentication,0.05,0.3,minority_to_majority,tabpfn_distpfn_t,-0.001366120218579181
banknote_authentication,0.1,0.05,majority_to_minority,tabpfn_distpfn_t,0.0
banknote_authentication,0.1,0.05,minority_to_majority,tabpfn_distpfn_t,0.0
banknote_authentication,0.1,0.1,majority_to_minority,tabpfn_distpfn_t,-0.002178649237472796
banknote_authentication,0.1,0.1,minority_to_majority,tabpfn_distpfn_t,0.0
banknote_authentication,0.1,0.2,majority_to_minority,tabpfn_distpfn_t,-0.002178649237472574
banknote_authentication,0.1,0.2,minority_to_majority,tabpfn_distpfn_t,0.0
banknote_authentication,0.1,0.3,majority_to_minority,tabpfn_distpfn_t,-0.0010893246187364536
banknote_authentication,0.1,0.3,minority_to_majority,tabpfn_distpfn_t,0.0
banknote_authentication,0.2,0.05,majority_to_minority,tabpfn_distpfn_t,0.0
banknote_authentication,0.2,0.05,minority_to_majority,tabpfn_distpfn_t,0.0
banknote_authentication,0.2,0.1,majority_to_minority,tabpfn_distpfn_t,0.0
banknote_authentication,0.2,0.1,minority_to_majority,tabpfn_distpfn_t,0.0
banknote_authentication,0.2,0.2,majority_to_minority,tabpfn_distpfn_t,0.0
banknote_authentication,0.2,0.2,minority_to_majority,tabpfn_distpfn_t,0.0
banknote_authentication,0.2,0.3,majority_to_minority,tabpfn_distpfn_t,-0.002178649237472796
banknote_authentication,0.2,0.3,minority_to_majority,tabpfn_distpfn_t,0.0
banknote_authentication,0.5,0.05,majority_to_minority,tabpfn_distpfn_t,0.0
banknote_authentication,0.5,0.05,minority_to_majority,tabpfn_distpfn_t,0.0
banknote_authentication,0.5,0.1,majority_to_minority,tabpfn_distpfn_t,0.0
banknote_authentication,0.5,0.1,minority_to_majority,tabpfn_distpfn_t,0.0
banknote_authentication,0.5,0.2,majority_to_minority,tabpfn_distpfn_t,-0.002178649237472796
banknote_authentication,0.5,0.2,minority_to_majority,tabpfn_distpfn_t,-0.001366120218579181
banknote_authentication,0.5,0.3,majority_to_minority,tabpfn_distpfn_t,-0.4106753812636166
banknote_authentication,0.5,0.3,minority_to_majority,tabpfn_distpfn_t,-0.010928961748633781
blood_transfusion,0.05,0.05,majority_to_minority,tabpfn_distpfn_t,0.0
blood_transfusion,0.05,0.05,minority_to_majority,tabpfn_distpfn_t,0.0
blood_transfusion,0.05,0.1,majority_to_minority,tabpfn_distpfn_t,0.0
blood_transfusion,0.05,0.1,minority_to_majority,tabpfn_distpfn_t,0.0
blood_transfusion,0.05,0.2,majority_to_minority,tabpfn_distpfn_t,0.0
blood_transfusion,0.05,0.2,minority_to_majority,tabpfn_distpfn_t,0.0
blood_transfusion,0.05,0.3,majority_to_minority,tabpfn_distpfn_t,0.0
blood_transfusion,0.05,0.3,minority_to_majority,tabpfn_distpfn_t,0.0
blood_transfusion,0.1,0.05,majority_to_minority,tabpfn_distpfn_t,0.0
blood_transfusion,0.1,0.05,minority_to_majority,tabpfn_distpfn_t,0.0
blood_transfusion,0.1,0.1,majority_to_minority,tabpfn_distpfn_t,0.0
blood_transfusion,0.1,0.1,minority_to_majority,tabpfn_distpfn_t,0.0
blood_transfusion,0.1,0.2,majority_to_minority,tabpfn_distpfn_t,0.004873294346978696
blood_transfusion,0.1,0.2,minority_to_majority,tabpfn_distpfn_t,0.0
blood_transfusion,0.1,0.3,majority_to_minority,tabpfn_distpfn_t,0.0
blood_transfusion,0.1,0.3,minority_to_majority,tabpfn_distpfn_t,0.0
blood_transfusion,0.2,0.05,majority_to_minority,tabpfn_distpfn_t,0.0002436647173489348
blood_transfusion,0.2,0.05,minority_to_majority,tabpfn_distpfn_t,-0.0017056530214425436
blood_transfusion,0.2,0.1,majority_to_minority,tabpfn_distpfn_t,0.010964912280701733
blood_transfusion,0.2,0.1,minority_to_majority,tabpfn_distpfn_t,-0.01388888888888884
blood_transfusion,0.2,0.2,majority_to_minority,tabpfn_distpfn_t,0.028996101364522353
blood_transfusion,0.2,0.2,minority_to_majority,tabpfn_distpfn_t,-0.0017056530214425436
blood_transfusion,0.2,0.3,majority_to_minority,tabpfn_distpfn_t,0.07943469785575041
blood_transfusion,0.2,0.3,minority_to_majority,tabpfn_distpfn_t,0.0
blood_transfusion,0.5,0.05,majority_to_minority,tabpfn_distpfn_t,-0.0038986354775826237
blood_transfusion,0.5,0.05,minority_to_majority,tabpfn_distpfn_t,-0.0014619883040936088
blood_transfusion,0.5,0.1,majority_to_minority,tabpfn_distpfn_t,-0.019249512670565294
blood_transfusion,0.5,0.1,minority_to_majority,tabpfn_distpfn_t,-0.0026803118908380608
blood_transfusion,0.5,0.2,majority_to_minority,tabpfn_distpfn_t,-0.055799220272904404
blood_transfusion,0.5,0.2,minority_to_majority,tabpfn_distpfn_t,-0.09673489278752445
blood_transfusion,0.5,0.3,majority_to_minority,tabpfn_distpfn_t,-0.03557504873294337
blood_transfusion,0.5,0.3,minority_to_majority,tabpfn_distpfn_t,-0.0584795321637428
breast_cancer_wisconsin,0.05,0.05,majority_to_minority,tabpfn_distpfn_t,0.0
breast_cancer_wisconsin,0.05,0.05,minority_to_majority,tabpfn_distpfn_t,-0.007936507936507575
breast_cancer_wisconsin,0.05,0.1,majority_to_minority,tabpfn_distpfn_t,0.00562169312169325
breast_cancer_wisconsin,0.05,0.1,minority_to_majority,tabpfn_distpfn_t,-0.0016534391534390736
breast_cancer_wisconsin,0.05,0.2,majority_to_minority,tabpfn_distpfn_t,-0.001322751322751392
breast_cancer_wisconsin,0.05,0.2,minority_to_majority,tabpfn_distpfn_t,-0.029431216931216975
breast_cancer_wisconsin,0.05,0.3,majority_to_minority,tabpfn_distpfn_t,-0.01058201058201047
breast_cancer_wisconsin,0.05,0.3,minority_to_majority,tabpfn_distpfn_t,-0.017526455026455
breast_cancer_wisconsin,0.1,0.05,majority_to_minority,tabpfn_distpfn_t,0.003968253968254398
breast_cancer_wisconsin,0.1,0.05,minority_to_majority,tabpfn_distpfn_t,0.0023148148148145475
breast_cancer_wisconsin,0.1,0.1,majority_to_minority,tabpfn_distpfn_t,0.007936507936507797
breast_cancer_wisconsin,0.1,0.1,minority_to_majority,tabpfn_distpfn_t,0.0023148148148147696
breast_cancer_wisconsin,0.1,0.2,majority_to_minority,tabpfn_distpfn_t,-0.006944444444444309
breast_cancer_wisconsin,0.1,0.2,minority_to_majority,tabpfn_distpfn_t,-0.005621693121693139
breast_cancer_wisconsin,0.1,0.3,majority_to_minority,tabpfn_distpfn_t,-0.01851851851851838
breast_cancer_wisconsin,0.1,0.3,minority_to_majority,tabpfn_distpfn_t,-0.035714285714285476
breast_cancer_wisconsin,0.2,0.05,majority_to_minority,tabpfn_distpfn_t,0.0
breast_cancer_wisconsin,0.2,0.05,minority_to_majority,tabpfn_distpfn_t,0.0
breast_cancer_wisconsin,0.2,0.1,majority_to_minority,tabpfn_distpfn_t,-0.0023148148148148806
breast_cancer_wisconsin,0.2,0.1,minority_to_majority,tabpfn_distpfn_t,-0.0016534391534391846
breast_cancer_wisconsin,0.2,0.2,majority_to_minority,tabpfn_distpfn_t,0.003306878306878369
breast_cancer_wisconsin,0.2,0.2,minority_to_majority,tabpfn_distpfn_t,-0.013558201058200825
breast_cancer_wisconsin,0.2,0.3,majority_to_minority,tabpfn_distpfn_t,-0.009589947089947537
breast_cancer_wisconsin,0.2,0.3,minority_to_majority,tabpfn_distpfn_t,-0.0357142857142857
breast_cancer_wisconsin,0.5,0.05,majority_to_minority,tabpfn_distpfn_t,0.0
breast_cancer_wisconsin,0.5,0.05,minority_to_majority,tabpfn_distpfn_t,0.00462962962962965
breast_cancer_wisconsin,0.5,0.1,majority_to_minority,tabpfn_distpfn_t,-0.00132275132275117
breast_cancer_wisconsin,0.5,0.1,minority_to_majority,tabpfn_distpfn_t,-0.00562169312169325
breast_cancer_wisconsin,0.5,0.2,majority_to_minority,tabpfn_distpfn_t,-0.01521164021164012
breast_cancer_wisconsin,0.5,0.2,minority_to_majority,tabpfn_distpfn_t,-0.023809523809523614
breast_cancer_wisconsin,0.5,0.3,majority_to_minority,tabpfn_distpfn_t,-0.37003968253968234
breast_cancer_wisconsin,0.5,0.3,minority_to_majority,tabpfn_distpfn_t,-0.10879629629629617
haberman_survival,0.05,0.05,majority_to_minority,tabpfn_distpfn_t,0.0
haberman_survival,0.05,0.05,minority_to_majority,tabpfn_distpfn_t,0.0
haberman_survival,0.05,0.1,majority_to_minority,tabpfn_distpfn_t,0.0
haberman_survival,0.05,0.1,minority_to_majority,tabpfn_distpfn_t,0.0
haberman_survival,0.05,0.2,majority_to_minority,tabpfn_distpfn_t,0.0
haberman_survival,0.05,0.2,minority_to_majority,tabpfn_distpfn_t,0.0
haberman_survival,0.05,0.3,majority_to_minority,tabpfn_distpfn_t,0.0
haberman_survival,0.05,0.3,minority_to_majority,tabpfn_distpfn_t,0.0
haberman_survival,0.1,0.05,majority_to_minority,tabpfn_distpfn_t,0.0
haberman_survival,0.1,0.05,minority_to_majority,tabpfn_distpfn_t,0.0
haberman_survival,0.1,0.1,majority_to_minority,tabpfn_distpfn_t,0.0
haberman_survival,0.1,0.1,minority_to_majority,tabpfn_distpfn_t,0.0
haberman_survival,0.1,0.2,majority_to_minority,tabpfn_distpfn_t,-0.0036231884057971175
haberman_survival,0.1,0.2,minority_to_majority,tabpfn_distpfn_t,0.0
haberman_survival,0.1,0.3,majority_to_minority,tabpfn_distpfn_t,0.0
haberman_survival,0.1,0.3,minority_to_majority,tabpfn_distpfn_t,0.0
haberman_survival,0.2,0.05,majority_to_minority,tabpfn_distpfn_t,0.0
haberman_survival,0.2,0.05,minority_to_majority,tabpfn_distpfn_t,0.0
haberman_survival,0.2,0.1,majority_to_minority,tabpfn_distpfn_t,0.006793478260869512
haberman_survival,0.2,0.1,minority_to_majority,tabpfn_distpfn_t,0.0
haberman_survival,0.2,0.2,majority_to_minority,tabpfn_distpfn_t,-0.00045289855072461194
haberman_survival,0.2,0.2,minority_to_majority,tabpfn_distpfn_t,0.0
haberman_survival,0.2,0.3,majority_to_minority,tabpfn_distpfn_t,0.08876811594202905
haberman_survival,0.2,0.3,minority_to_majority,tabpfn_distpfn_t,0.0
haberman_survival,0.5,0.05,majority_to_minority,tabpfn_distpfn_t,0.030797101449275388
haberman_survival,0.5,0.05,minority_to_majority,tabpfn_distpfn_t,0.01449275362318836
haberman_survival,0.5,0.1,majority_to_minority,tabpfn_distpfn_t,-0.004981884057970953
haberman_survival,0.5,0.1,minority_to_majority,tabpfn_distpfn_t,-0.050724637681159424
haberman_survival,0.5,0.2,majority_to_minority,tabpfn_distpfn_t,-0.11820652173913049
haberman_survival,0.5,0.2,minority_to_majority,tabpfn_distpfn_t,-0.07880434782608692
haberman_survival,0.5,0.3,majority_to_minority,tabpfn_distpfn_t,0.0031702898550725056
haberman_survival,0.5,0.3,minority_to_majority,tabpfn_distpfn_t,-0.01041666666666663
htru2,0.05,0.05,majority_to_minority,tabpfn_distpfn_t,0.0012681376813770129
htru2,0.05,0.05,minority_to_majority,tabpfn_distpfn_t,-0.001370638706387206
htru2,0.05,0.1,majority_to_minority,tabpfn_distpfn_t,0.001878768787687779
htru2,0.05,0.1,minority_to_majority,tabpfn_distpfn_t,-0.005030050300502964
htru2,0.05,0.2,majority_to_minority,tabpfn_distpfn_t,0.004927549275492882
htru2,0.05,0.2,minority_to_majority,tabpfn_distpfn_t,-0.033229082290823
htru2,0.05,0.3,majority_to_minority,tabpfn_distpfn_t,0.0026856518565187004
htru2,0.05,0.3,minority_to_majority,tabpfn_distpfn_t,-0.07957142071420709
htru2,0.1,0.05,majority_to_minority,tabpfn_distpfn_t,0.00101626016260159
htru2,0.1,0.05,minority_to_majority,tabpfn_distpfn_t,-0.0014731397313973993
htru2,0.1,0.1,majority_to_minority,tabpfn_distpfn_t,0.0034544095440955935
htru2,0.1,0.1,minority_to_majority,tabpfn_distpfn_t,-0.002997529975299784
htru2,0.1,0.2,majority_to_minority,tabpfn_distpfn_t,0.005892558925589264
htru2,0.1,0.2,minority_to_majority,tabpfn_distpfn_t,-0.03764850148501475
htru2,0.1,0.3,majority_to_minority,tabpfn_distpfn_t,0.006648191481914756
htru2,0.1,0.3,minority_to_majority,tabpfn_distpfn_t,-0.05167551675516757
htru2,0.2,0.05,majority_to_minority,tabpfn_distpfn_t,0.00045687956879558733
htru2,0.2,0.05,minority_to_majority,tabpfn_distpfn_t,-0.0019812698126981942
htru2,0.2,0.1,majority_to_minority,tabpfn_distpfn_t,0.0013193881938819985
htru2,0.2,0.1,minority_to_majority,tabpfn_distpfn_t,0.0001025010250101932
htru2,0.2,0.2,majority_to_minority,tabpfn_distpfn_t,0.0017718927189271927
htru2,0.2,0.2,minority_to_majority,tabpfn_distpfn_t,-0.0033006580065800817
htru2,0.2,0.3,majority_to_minority,tabpfn_distpfn_t,0.002732527325273071
htru2,0.2,0.3,minority_to_majority,tabpfn_distpfn_t,-0.000508130081300795
htru2,0.5,0.05,majority_to_minority,tabpfn_distpfn_t,-0.0002050020500203864
htru2,0.5,0.05,minority_to_majority,tabpfn_distpfn_t,-0.00040562905629060175
htru2,0.5,0.1,majority_to_minority,tabpfn_distpfn_t,0.000601881018810202
htru2,0.5,0.1,minority_to_majority,tabpfn_distpfn_t,-0.0001493764937648967
htru2,0.5,0.2,majority_to_minority,tabpfn_distpfn_t,0.00027250272502732376
htru2,0.5,0.2,minority_to_majority,tabpfn_distpfn_t,-0.007053820538205358
htru2,0.5,0.3,majority_to_minority,tabpfn_distpfn_t,-0.09891973919739228
htru2,0.5,0.3,minority_to_majority,tabpfn_distpfn_t,-0.030077800778007813
ionosphere,0.05,0.05,majority_to_minority,tabpfn_distpfn_t,0.0
ionosphere,0.05,0.05,minority_to_majority,tabpfn_distpfn_t,0.0
ionosphere,0.05,0.1,majority_to_minority,tabpfn_distpfn_t,0.003043478260869481
ionosphere,0.05,0.1,minority_to_majority,tabpfn_distpfn_t,-0.00666666666666671
ionosphere,0.05,0.2,majority_to_minority,tabpfn_distpfn_t,0.015797101449275264
ionosphere,0.05,0.2,minority_to_majority,tabpfn_distpfn_t,-0.03333333333333344
ionosphere,0.05,0.3,majority_to_minority,tabpfn_distpfn_t,0.02492753623188404
ionosphere,0.05,0.3,minority_to_majority,tabpfn_distpfn_t,-0.056376811594202936
ionosphere,0.1,0.05,majority_to_minority,tabpfn_distpfn_t,-0.0036231884057972286
ionosphere,0.1,0.05,minority_to_majority,tabpfn_distpfn_t,-0.003043478260869481
ionosphere,0.1,0.1,majority_to_minority,tabpfn_distpfn_t,-0.001159420289854829
ionosphere,0.1,0.1,minority_to_majority,tabpfn_distpfn_t,-0.00666666666666671
ionosphere,0.1,0.2,majority_to_minority,tabpfn_distpfn_t,-0.011449275362319211
ionosphere,0.1,0.2,minority_to_majority,tabpfn_distpfn_t,-0.026666666666666727
ionosphere,0.1,0.3,majority_to_minority,tabpfn_distpfn_t,0.00855072463768125
ionosphere,0.1,0.3,minority_to_majority,tabpfn_distpfn_t,-0.033333333333333326
ionosphere,0.2,0.05,majority_to_minority,tabpfn_distpfn_t,-0.0036231884057970065
ionosphere,0.2,0.05,minority_to_majority,tabpfn_distpfn_t,-0.003043478260869592
ionosphere,0.2,0.1,majority_to_minority,tabpfn_distpfn_t,0.00971014492753619
ionosphere,0.2,0.1,minority_to_majority,tabpfn_distpfn_t,0.007246376811594235
ionosphere,0.2,0.2,majority_to_minority,tabpfn_distpfn_t,0.009130434782608665
ionosphere,0.2,0.2,minority_to_majority,tabpfn_distpfn_t,-0.02304347826086961
ionosphere,0.2,0.3,majority_to_minority,tabpfn_distpfn_t,-0.0089855072463767
ionosphere,0.2,0.3,minority_to_majority,tabpfn_distpfn_t,-0.046666666666666745
ionosphere,0.5,0.05,majority_to_minority,tabpfn_distpfn_t,-0.007246376811594124
ionosphere,0.5,0.05,minority_to_majority,tabpfn_distpfn_t,0.0
ionosphere,0.5,0.1,majority_to_minority,tabpfn_distpfn_t,0.006086956521739184
ionosphere,0.5,0.1,minority_to_majority,tabpfn_distpfn_t,-0.01333333333333342
ionosphere,0.5,0.2,majority_to_minority,tabpfn_distpfn_t,-0.012608695652173818
ionosphere,0.5,0.2,minority_to_majority,tabpfn_distpfn_t,-0.046666666666666634
ionosphere,0.5,0.3,majority_to_minority,tabpfn_distpfn_t,-0.3579710144927537
ionosphere,0.5,0.3,minority_to_majority,tabpfn_distpfn_t,-0.07999999999999996
qsar_biodegradation,0.05,0.05,majority_to_minority,tabpfn_distpfn_t,0.0011569416498994345
qsar_biodegradation,0.05,0.05,minority_to_majority,tabpfn_distpfn_t,-0.01170355466130113
qsar_biodegradation,0.05,0.1,majority_to_minority,tabpfn_distpfn_t,0.014084507042253502
qsar_biodegradation,0.05,0.1,minority_to_majority,tabpfn_distpfn_t,-0.017555331991951584
qsar_biodegradation,0.05,0.2,majority_to_minority,tabpfn_distpfn_t,0.030315224681421893
qsar_biodegradation,0.05,0.2,minority_to_majority,tabpfn_distpfn_t,-0.056270959087860395
qsar_biodegradation,0.05,0.3,majority_to_minority,tabpfn_distpfn_t,0.05025150905432596
qsar_biodegradation,0.05,0.3,minority_to_majority,tabpfn_distpfn_t,-0.05623742454728364
qsar_biodegradation,0.1,0.05,majority_to_minority,tabpfn_distpfn_t,-3.353454057686278e-05
qsar_biodegradation,0.1,0.05,minority_to_majority,tabpfn_distpfn_t,-0.002313883299798647
qsar_biodegradation,0.1,0.1,majority_to_minority,tabpfn_distpfn_t,0.006941649899396496
qsar_biodegradation,0.1,0.1,minority_to_majority,tabpfn_distpfn_t,-0.016431924882629123
qsar_biodegradation,0.1,0.2,majority_to_minority,tabpfn_distpfn_t,0.013816230717639266
qsar_biodegradation,0.1,0.2,minority_to_majority,tabpfn_distpfn_t,-0.005650570087189721
qsar_biodegradation,0.1,0.3,majority_to_minority,tabpfn_distpfn_t,0.02432930918846421
qsar_biodegradation,0.1,0.3,minority_to_majority,tabpfn_distpfn_t,-0.06321260898725689
qsar_biodegradation,0.2,0.05,majority_to_minority,tabpfn_distpfn_t,0.0035043594902751662
qsar_biodegradation,0.2,0.05,minority_to_majority,tabpfn_distpfn_t,-0.005818242790073702
qsar_biodegradation,0.2,0.1,majority_to_minority,tabpfn_distpfn_t,0.003370221327967826
qsar_biodegradation,0.2,0.1,minority_to_majority,tabpfn_distpfn_t,0.0001006036217303663
qsar_biodegradation,0.2,0.2,majority_to_minority,tabpfn_distpfn_t,0.0056170355466129696
qsar_biodegradation,0.2,0.2,minority_to_majority,tabpfn_distpfn_t,-0.023373574782025508
qsar_biodegradation,0.2,0.3,majority_to_minority,tabpfn_distpfn_t,-0.014721663313212563
qsar_biodegradation,0.2,0.3,minority_to_majority,tabpfn_distpfn_t,-0.0444668008048289
qsar_biodegradation,0.5,0.05,majority_to_minority,tabpfn_distpfn_t,-0.005985915492957794
qsar_biodegradation,0.5,0.05,minority_to_majority,tabpfn_distpfn_t,3.353454057675176e-05
qsar_biodegradation,0.5,0.1,majority_to_minority,tabpfn_distpfn_t,-0.0013916834339370299
qsar_biodegradation,0.5,0.1,minority_to_majority,tabpfn_distpfn_t,-0.017555331991951695
qsar_biodegradation,0.5,0.2,majority_to_minority,tabpfn_distpfn_t,-0.015979208584842364
qsar_biodegradation,0.5,0.2,minority_to_majority,tabpfn_distpfn_t,-0.04320925553319921
qsar_biodegradation,0.5,0.3,majority_to_minority,tabpfn_distpfn_t,-0.24325955734406435
qsar_biodegradation,0.5,0.3,minority_to_majority,tabpfn_distpfn_t,-0.1041415157612342
south_german_credit,0.05,0.05,majority_to_minority,tabpfn_distpfn_t,0.0
south_german_credit,0.05,0.05,minority_to_majority,tabpfn_distpfn_t,0.0
south_german_credit,0.05,0.1,majority_to_minority,tabpfn_distpfn_t,0.0
south_german_credit,0.05,0.1,minority_to_majority,tabpfn_distpfn_t,0.0
south_german_credit,0.05,0.2,majority_to_minority,tabpfn_distpfn_t,0.0
south_german_credit,0.05,0.2,minority_to_majority,tabpfn_distpfn_t,0.0
south_german_credit,0.05,0.3,majority_to_minority,tabpfn_distpfn_t,0.0
south_german_credit,0.05,0.3,minority_to_majority,tabpfn_distpfn_t,0.0
south_german_credit,0.1,0.05,majority_to_minority,tabpfn_distpfn_t,0.002777777777777768
south_german_credit,0.1,0.05,minority_to_majority,tabpfn_distpfn_t,-0.005555555555555536
south_german_credit,0.1,0.1,majority_to_minority,tabpfn_distpfn_t,0.0071428571428571175
south_german_credit,0.1,0.1,minority_to_majority,tabpfn_distpfn_t,0.0
south_german_credit,0.1,0.2,majority_to_minority,tabpfn_distpfn_t,0.008333333333333415
south_german_credit,0.1,0.2,minority_to_majority,tabpfn_distpfn_t,0.0
south_german_credit,0.1,0.3,majority_to_minority,tabpfn_distpfn_t,0.030158730158730163
south_german_credit,0.1,0.3,minority_to_majority,tabpfn_distpfn_t,0.0
south_german_credit,0.2,0.05,majority_to_minority,tabpfn_distpfn_t,0.005952380952381042
south_german_credit,0.2,0.05,minority_to_majority,tabpfn_distpfn_t,-0.012698412698412764
south_german_credit,0.2,0.1,majority_to_minority,tabpfn_distpfn_t,0.015079365079365137
south_german_credit,0.2,0.1,minority_to_majority,tabpfn_distpfn_t,-0.02261904761904765
south_german_credit,0.2,0.2,majority_to_minority,tabpfn_distpfn_t,0.03730158730158739
south_german_credit,0.2,0.2,minority_to_majority,tabpfn_distpfn_t,-0.030555555555555447
south_german_credit,0.2,0.3,majority_to_minority,tabpfn_distpfn_t,0.07063492063492072
south_german_credit,0.2,0.3,minority_to_majority,tabpfn_distpfn_t,-0.005952380952380931
south_german_credit,0.5,0.05,majority_to_minority,tabpfn_distpfn_t,0.0023809523809523725
south_german_credit,0.5,0.05,minority_to_majority,tabpfn_distpfn_t,-0.001984126984126977
south_german_credit,0.5,0.1,majority_to_minority,tabpfn_distpfn_t,-0.00952380952380949
south_german_credit,0.5,0.1,minority_to_majority,tabpfn_distpfn_t,0.004761904761904745
south_german_credit,0.5,0.2,majority_to_minority,tabpfn_distpfn_t,-0.03888888888888897
south_german_credit,0.5,0.2,minority_to_majority,tabpfn_distpfn_t,-0.0706349206349206
south_german_credit,0.5,0.3,majority_to_minority,tabpfn_distpfn_t,-0.11111111111111105
south_german_credit,0.5,0.3,minority_to_majority,tabpfn_distpfn_t,-0.07658730158730154
spambase,0.05,0.05,majority_to_minority,tabpfn_distpfn_t,0.001698312548752412
spambase,0.05,0.05,minority_to_majority,tabpfn_distpfn_t,-0.001698312548752412
spambase,0.05,0.1,majority_to_minority,tabpfn_distpfn_t,-0.0004147042270212786
spambase,0.05,0.1,minority_to_majority,tabpfn_distpfn_t,-0.0018587635889688592
spambase,0.05,0.2,majority_to_minority,tabpfn_distpfn_t,-0.0017254658017120672
spambase,0.05,0.2,minority_to_majority,tabpfn_distpfn_t,-0.0032806066530404188
spambase,0.05,0.3,majority_to_minority,tabpfn_distpfn_t,0.0039446271117824505
spambase,0.05,0.3,minority_to_majority,tabpfn_distpfn_t,-0.019256593303514258
spambase,0.1,0.05,majority_to_minority,tabpfn_distpfn_t,-0.0017921146953402411
spambase,0.1,0.05,minority_to_majority,tabpfn_distpfn_t,0.0001382347423404262
spambase,0.1,0.1,majority_to_minority,tabpfn_distpfn_t,4.443259575215297e-05
spambase,0.1,0.1,minority_to_majority,tabpfn_distpfn_t,-0.0021796656694018646
spambase,0.1,0.2,majority_to_minority,tabpfn_distpfn_t,0.004403763934555549
spambase,0.1,0.2,minority_to_majority,tabpfn_distpfn_t,-0.005692309211370761
spambase,0.1,0.3,majority_to_minority,tabpfn_distpfn_t,0.003645941329226021
spambase,0.1,0.3,minority_to_majority,tabpfn_distpfn_t,-0.009752954767617394
spambase,0.2,0.05,majority_to_minority,tabpfn_distpfn_t,-0.0005973715651136358
spambase,0.2,0.05,minority_to_majority,tabpfn_distpfn_t,0.0
spambase,0.2,0.1,majority_to_minority,tabpfn_distpfn_t,-9.380214658816222e-05
spambase,0.2,0.1,minority_to_majority,tabpfn_distpfn_t,-0.0015822941042882288
spambase,0.2,0.2,majority_to_minority,tabpfn_distpfn_t,-0.0010836616408463895
spambase,0.2,0.2,minority_to_majority,tabpfn_distpfn_t,-0.008010209623112718
spambase,0.2,0.3,majority_to_minority,tabpfn_distpfn_t,-0.004761693178115589
spambase,0.2,0.3,minority_to_majority,tabpfn_distpfn_t,-0.029634072889205054
spambase,0.5,0.05,majority_to_minority,tabpfn_distpfn_t,0.0009404899434223291
spambase,0.5,0.05,minority_to_majority,tabpfn_distpfn_t,-0.002456135154082606
spambase,0.5,0.1,majority_to_minority,tabpfn_distpfn_t,-0.0017032495038360462
spambase,0.5,0.1,minority_to_majority,tabpfn_distpfn_t,-0.0031201556128241936
spambase,0.5,0.2,majority_to_minority,tabpfn_distpfn_t,-0.003865635830445413
spambase,0.5,0.2,minority_to_majority,tabpfn_distpfn_t,-0.01418387195513282
spambase,0.5,0.3,majority_to_minority,tabpfn_distpfn_t,-0.400209326895544
spambase,0.5,0.3,minority_to_majority,tabpfn_distpfn_t,-0.057868519012214126
statlog_heart,0.05,0.05,majority_to_minority,tabpfn_distpfn_t,0.0
statlog_heart,0.05,0.05,minority_to_majority,tabpfn_distpfn_t,0.0
statlog_heart,0.05,0.1,majority_to_minority,tabpfn_distpfn_t,-0.005555555555555536
statlog_heart,0.05,0.1,minority_to_majority,tabpfn_distpfn_t,-0.029166666666666674
statlog_heart,0.05,0.2,majority_to_minority,tabpfn_distpfn_t,0.022222222222222143
statlog_heart,0.05,0.2,minority_to_majority,tabpfn_distpfn_t,-0.022222222222222365
statlog_heart,0.05,0.3,majority_to_minority,tabpfn_distpfn_t,0.08611111111111114
statlog_heart,0.05,0.3,minority_to_majority,tabpfn_distpfn_t,-0.02083333333333337
statlog_heart,0.1,0.05,majority_to_minority,tabpfn_distpfn_t,0.01388888888888895
statlog_heart,0.1,0.05,minority_to_majority,tabpfn_distpfn_t,-0.006944444444444642
statlog_heart,0.1,0.1,majority_to_minority,tabpfn_distpfn_t,0.00694444444444442
statlog_heart,0.1,0.1,minority_to_majority,tabpfn_distpfn_t,-0.00694444444444442
statlog_heart,0.1,0.2,majority_to_minority,tabpfn_distpfn_t,0.03472222222222232
statlog_heart,0.1,0.2,minority_to_majority,tabpfn_distpfn_t,-0.022222222222222143
statlog_heart,0.1,0.3,majority_to_minority,tabpfn_distpfn_t,0.08750000000000013
statlog_heart,0.1,0.3,minority_to_majority,tabpfn_distpfn_t,-0.03472222222222221
statlog_heart,0.2,0.05,majority_to_minority,tabpfn_distpfn_t,0.0
statlog_heart,0.2,0.05,minority_to_majority,tabpfn_distpfn_t,-0.006944444444444531
statlog_heart,0.2,0.1,majority_to_minority,tabpfn_distpfn_t,0.022222222222222143
statlog_heart,0.2,0.1,minority_to_majority,tabpfn_distpfn_t,-0.01388888888888884
statlog_heart,0.2,0.2,majority_to_minority,tabpfn_distpfn_t,0.009722222222222188
statlog_heart,0.2,0.2,minority_to_majority,tabpfn_distpfn_t,-0.015277777777777835
statlog_heart,0.2,0.3,majority_to_minority,tabpfn_distpfn_t,0.022222222222222143
statlog_heart,0.2,0.3,minority_to_majority,tabpfn_distpfn_t,-0.10555555555555562
statlog_heart,0.5,0.05,majority_to_minority,tabpfn_distpfn_t,0.022222222222222254
statlog_heart,0.5,0.05,minority_to_majority,tabpfn_distpfn_t,0.004166666666666763
statlog_heart,0.5,0.1,majority_to_minority,tabpfn_distpfn_t,-0.004166666666666763
statlog_heart,0.5,0.1,minority_to_majority,tabpfn_distpfn_t,-0.00277777777777799
statlog_heart,0.5,0.2,majority_to_minority,tabpfn_distpfn_t,-0.04583333333333339
statlog_heart,0.5,0.2,minority_to_majority,tabpfn_distpfn_t,-0.009722222222222188
statlog_heart,0.5,0.3,majority_to_minority,tabpfn_distpfn_t,-0.1333333333333333
statlog_heart,0.5,0.3,minority_to_majority,tabpfn_distpfn_t,-0.05138888888888893
